Tracking #,Hub,Aging,Schedule date,Location,# of attempts,Client name,Client last name,Phone,Street,City,Region,Post-code,Extra Address,Amount to Collect,Collected amount,Notes,Service Code,Service Code Description,Payment Method,Package Status,Last failure reason,Attempt user name,Company,Operation Date,Movable unit #,Runsheet name,Runsheet driver,Collected date #,Delivered date #,Package date #,Service date #,Order number,Order date,Shipment service,Airway bill number,Weight,Length,Width,Height,Size,Refunded,Delayed,Transaction Id,Reference Id,Client order number,Receive Date,Flier ref.,Emai ref,Other ref.
DS-S85-1884439122-0068,NG-3PL-RUMUOLA-FLEET,0,,,0,Vincent,Chima,+2347061177593,Port harcourt nkpolu,PORTHARCOURT-NKPOLU,Rivers,,,47960.0000,,,FDD3,Forward Delivery to Customer,CashOnDelivery,PENDING,,Amure sodiq,Jumia Nigeria,2023-01-14 09:41:38,"",rs_NG-3PL-RUMUOLA-FLEET_1673685695518,Christopher Udoudo Sampson,2023-01-10 12:49:50,,2023-01-10 12:15:27,2023-01-10 12:15:27,1884439122,2023-01-09 14:20:16,STANDARD,,,,,,L,false,false,,,,2023-01-13 16:11:52.043,,,
JE-S85-1567398122-3239,NG-3PL-RUMUOLA-FLEET,0,,,0,Hex,Hendrix,+2349024639540,"Gibsco hotel, Rumuomasi",PORTHARCOURT-ELEKAHIA,Rivers,,,0.0000,,,FDD3,Forward Delivery to Customer,HelloPay,PENDING,,,Jumia Nigeria,2023-01-14 09:42:39,"",rs_NG-3PL-RUMUOLA-FLEET_1673685695518,Christopher Udoudo Sampson,,,2023-01-11 15:53:19,2023-01-11 15:53:19,1567398122,2023-01-10 22:44:38,STANDARD,,,,,,M,false,,,,,2023-01-13 15:59:38.471,,,
DS-S85-1359859122-1634,NG-3PL-RUMUOLA-FLEET,0,,,0,David,Chukwudire,+2347041685916,Mini okpobiri street,PORTHARCOURT-OKPORO ROAD,Rivers,,,4650.0000,,,FDD3,Forward Delivery to Customer,CashOnDelivery,PENDING,,nlj.lead@gmail.com,Jumia Nigeria,2023-01-14 09:42:39,"",rs_NG-3PL-RUMUOLA-FLEET_1673685695518,Christopher Udoudo Sampson,2023-01-11 14:36:21,,2023-01-10 11:35:04,2023-01-10 11:35:04,1359859122,2023-01-09 00:39:21,STANDARD,,,,,,S,false,false,,,,2023-01-13 15:59:38.219,,,
DS-S85-1633119122-7006,NG-3PL-RUMUOLA-FLEET,0,,,0,Haoma,Echichinwo,+2348182139932 / +2349069132201,"Flat1,14b echichinwo street,Elekahia port Harcourt",PORTHARCOURT-ELEKAHIA,Rivers,,,4150.0000,,,FDD3,Forward Delivery to Customer,CashOnDelivery,PENDING,,Okota sdo,Jumia Nigeria,2023-01-14 09:42:06,"",rs_NG-3PL-RUMUOLA-FLEET_1673685695518,Christopher Udoudo Sampson,2023-01-11 14:48:36,,2023-01-10 09:26:02,2023-01-10 09:26:02,1633119122,2023-01-09 13:47:17,STANDARD,,,,,,S,false,false,,,,2023-01-13 15:58:05.69,,,
JE-S85-1126658122-8696,NG-3PL-RUMUOLA-FLEET,0,,,0,Sule Ejeh,Jeff,+2348036718992 / +2349053949353,"Ewa street, the black gate before the BetKing shop, Elekahia, Portharcourt, Rivers.",PORTHARCOURT-ELEKAHIA,Rivers,,,0.0000,,,FDD3,Forward Delivery to Customer,HelloPay,PENDING,,,Jumia Nigeria,2023-01-14 09:42:45,"",rs_NG-3PL-RUMUOLA-FLEET_1673685695518,Christopher Udoudo Sampson,,,2023-01-11 18:30:28,2023-01-11 18:30:28,1126658122,2023-01-11 17:06:49,STANDARD,,,,,,S,false,,,,,2023-01-13 15:55:39.681,,,
DS-S85-1498798122-6660,NG-3PL-RUMUOLA-FLEET,0,,,0,Moses,Eke,+2348072408086 / +2349155993331,"+27 Deeper Life Hq East West Road, Rumodara, portharcourt",PORTHARCOURT-OKPORO ROAD,Rivers,,,11149.0000,,,FDD3,Forward Delivery to Customer,CashOnDelivery,PENDING,,Yaba SDO,Jumia Nigeria,2023-01-14 09:42:26,"",rs_NG-3PL-RUMUOLA-FLEET_1673685695518,Christopher Udoudo Sampson,2023-01-11 15:07:17,,2023-01-10 21:22:09,2023-01-10 21:22:09,1498798122,2023-01-10 20:32:11,STANDARD,,,,,,S,false,false,,,,2023-01-13 15:55:39.591,,,
DS-S85-1577668122-9641,NG-3PL-RUMUOLA-FLEET,0,,,0,Adeyemo,Gbolahan,+2347045626211,Ada George new road Port harcourt,PORTHARCOURT-ADA GEORGE,Rivers,,,16550.0000,,,FDD3,Forward Delivery to Customer,CashOnDelivery,PENDING,,Enyioha Rita,Jumia Nigeria,2023-01-14 09:42:15,"",rs_NG-3PL-RUMUOLA-FLEET_1673685695518,Christopher Udoudo Sampson,2023-01-11 14:36:01,,2023-01-10 19:27:01,2023-01-10 19:27:01,1577668122,2023-01-10 13:48:20,STANDARD,,,,,,S,false,false,,,,2023-01-13 15:55:39.55,,,
DS-S85-1877248122-2093,NG-3PL-RUMUOLA-FLEET,0,,,0,Toochukwu,Okpara,+2348037086651,"15, Ohiamini Street, off Uyo street, Rumumasi",PORTHARCOURT-RUMUMASI,Rivers,"",,0.0000,,,FDD3,Forward Delivery to Customer,HelloPay,PENDING,,Omobola Ilori,Jumia Nigeria,2023-01-14 09:42:06,"",rs_NG-3PL-RUMUOLA-FLEET_1673685695518,Christopher Udoudo Sampson,2023-01-11 13:34:04,,2023-01-10 07:33:53,2023-01-10 07:33:53,1877248122,2023-01-09 20:23:33,STANDARD,,,,,,S,false,false,,,,2023-01-13 15:54:31.658,,,
DS-S85-1663328122-6696,NG-3PL-RUMUOLA-FLEET,1,2023-01-14 10:48:09,,1,OBI ANSELEM,CHINONSO,+2347036877937 / +2349059823980,"No. 47 uniport road, rumuosi junction, ozuoba.",PORTHARCOURT-MGBUOBA,Rivers,"",,16010.0000,0.0000,,FDD3,Forward Delivery to Customer,CashOnDelivery,PENDING,RS03 - Reached but Busy / not available,Iyetu Pius,Jumia Nigeria,2023-01-14 09:41:49,"",rs_NG-3PL-RUMUOLA-FLEET_1673685695518,Christopher Udoudo Sampson,2023-01-10 15:18:13,,2023-01-10 13:05:08,2023-01-10 13:05:08,1663328122,2023-01-10 12:24:14,STANDARD,,,,,,M,false,false,,,,2023-01-12 15:35:18.992,,,
DS-S85-1578379122-8708,NG-3PL-RUMUOLA-FLEET,1,2023-01-16 11:00:37,,1,Caleb,Ayodele,+2347012559551,"National Open University, mgbouba",PORTHARCOURT-MGBUOBA,Rivers,,,6290.0000,0.0000,,FDD3,Forward Delivery to Customer,CashOnDelivery,PENDING,RS03 - Reached but Busy / not available,Iyetu Pius,Jumia Nigeria,2023-01-13 16:56:10,"","",,2023-01-09 09:10:21,,2023-01-08 20:26:10,2023-01-08 20:26:10,1578379122,2023-01-08 20:12:18,STANDARD,,,,,,S,false,false,,,,2023-01-12 15:35:18.913,,,
DS-S85-1223299122-6532,NG-3PL-RUMUOLA-FLEET,1,2023-01-13 16:19:33,,1,FATUNLA,EZEKIEL,+2348068168274 / +2348158292614,BOTI CAMP PORTHARCOURT,PORTHARCOURT-BORI CAMP,Rivers,,44 reference hospital,6849.0000,0.0000,,FDD3,Forward Delivery to Customer,CashOnDelivery,PENDING,RS01 - Not reachable /  not picking calls,Iyetu Pius,Jumia Nigeria,2023-01-14 09:42:12,"",rs_NG-3PL-RUMUOLA-FLEET_1673685695518,Christopher Udoudo Sampson,2023-01-09 13:58:22,,2023-01-07 21:33:42,2023-01-07 21:33:42,1223299122,2023-01-07 18:49:22,STANDARD,,,,,,S,false,false,,,,2023-01-12 15:20:00.388,,,
DS-S85-1578379122-0767,NG-3PL-RUMUOLA-FLEET,1,2023-01-16 11:00:37,,1,Caleb,Ayodele,+2347012559551,"National Open University, mgbouba",PORTHARCOURT-MGBUOBA,Rivers,,,8990.0000,0.0000,,FDD3,Forward Delivery to Customer,CashOnDelivery,PENDING,RS03 - Reached but Busy / not available,Iyetu Pius,Jumia Nigeria,2023-01-13 16:56:22,"","",,2023-01-09 15:29:06,,2023-01-08 23:03:07,2023-01-08 23:03:07,1578379122,2023-01-08 20:12:18,STANDARD,,,,,,S,false,false,,,,2023-01-12 15:18:33.776,,,
JE-S85-1698128122-3851,NG-3PL-RUMUOLA-FLEET,1,2023-01-13 15:05:12,,1,Chinedu,Chidi,+2348106702130,Elekahia 78 road,PORTHARCOURT-ELEKAHIA,Rivers,,,18423.0000,0.0000,,FDD3,Forward Delivery to Customer,CashOnDelivery,PENDING,RS01 - Not reachable /  not picking calls,Iyetu Pius,Jumia Nigeria,2023-01-14 09:41:42,"",rs_NG-3PL-RUMUOLA-FLEET_1673685695518,Christopher Udoudo Sampson,,,2023-01-10 13:20:21,2023-01-10 13:20:21,1698128122,2023-01-10 11:38:12,STANDARD,,,,,,L,false,,,,,2023-01-12 15:17:33.564,,,
DS-S85-1359859122-0521,NG-3PL-RUMUOLA-FLEET,1,2023-01-13 16:19:43,,1,David,Chukwudire,+2347041685916,Mini okpobiri street,PORTHARCOURT-OKPORO ROAD,Rivers,,,5150.0000,0.0000,,FDD3,Forward Delivery to Customer,CashOnDelivery,PENDING,RS01 - Not reachable /  not picking calls,Iyetu Pius,Jumia Nigeria,2023-01-14 09:41:45,"",rs_NG-3PL-RUMUOLA-FLEET_1673685695518,Christopher Udoudo Sampson,2023-01-10 10:06:19,,2023-01-09 06:34:20,2023-01-09 06:34:20,1359859122,2023-01-09 00:39:21,STANDARD,,,,,,M,false,false,,,,2023-01-12 15:17:33.444,,,
DS-S85-1938136122-9962,NG-3PL-RUMUOLA-FLEET,1,2023-01-13 15:06:15,,1,Zorbari,Gilbert,+2348024651244,"Nkpolu Junction, Close to Chicken Hinn Eatery",PORTHARCOURT-NKPOLU,Rivers,,,6250.0000,0.0000,,FDD3,Forward Delivery to Customer,CashOnDelivery,PENDING,RS01 - Not reachable /  not picking calls,Iyetu Pius,Jumia Nigeria,2023-01-14 09:42:49,"",rs_NG-3PL-RUMUOLA-FLEET_1673685695518,Christopher Udoudo Sampson,2023-01-07 12:37:42,,2023-01-07 04:34:50,2023-01-07 04:34:50,1938136122,2023-01-06 16:44:21,STANDARD,,,,,,S,false,false,,,,2023-01-12 15:01:12.809,,,
DS-S85-1645816122-8607,NG-3PL-RUMUOLA-FLEET,1,2023-01-19 15:41:46,,1,Great,Life,+2348163344667,"Peace estate rd road, Okporo",PORTHARCOURT-OKPORO ROAD,Rivers,,,12150.0000,0.0000,,FDD3,Forward Delivery to Customer,CashOnDelivery,PENDING,RS03 - Reached but Busy / not available,Iyetu Pius,Jumia Nigeria,2023-01-13 15:41:39,"","",,2023-01-07 13:26:56,,2023-01-07 13:01:36,2023-01-07 13:01:36,1645816122,2023-01-06 10:02:21,STANDARD,,,,,,S,false,false,,,,2023-01-12 14:58:47.786,,,
DS-S85-1995149122-8676,NG-3PL-RUMUOLA-FLEET,1,2023-01-16 14:24:41,,1,lydia,chukunda,+2348032710027,number 64 old aba road portharcourt,PORTHARCOURT-RUMUMASI,Rivers,,number 8 chife ejims rumuomasi portharcourt,13150.0000,0.0000,,FDD3,Forward Delivery to Customer,CashOnDelivery,PENDING,RS03 - Reached but Busy / not available,Iyetu Pius,Jumia Nigeria,2023-01-13 15:58:43,"","",,2023-01-07 14:01:44,,2023-01-07 04:59:53,2023-01-07 04:59:53,1995149122,2023-01-06 22:41:19,STANDARD,,,,,,S,false,false,,,,2023-01-12 14:58:47.721,,,
DS-S85-1922429122-3157,NG-3PL-RUMUOLA-FLEET,1,2023-01-16 12:05:08,,1,Mohammed,usman,+2348039455388,Ochiri street opp-christan council elekahia road port Harcourt,PORTHARCOURT-ELEKAHIA,Rivers,,,7150.0000,0.0000,,FDD3,Forward Delivery to Customer,CashOnDelivery,PENDING,RS03 - Reached but Busy / not available,Iyetu Pius,Jumia Nigeria,2023-01-13 15:48:06,"","",,2023-01-07 10:13:10,,2023-01-07 00:46:54,2023-01-07 00:46:54,1922429122,2023-01-07 00:00:06,STANDARD,,,,,,S,false,false,,,,2023-01-12 14:58:47.601,,,
DS-S85-1917866122-5112,NG-3PL-RUMUOLA-FLEET,2,2023-01-14 12:36:42,,1,Irogbolu,Chizoba,+2349120423090 / +2349120423090,Big tree elioparanwo,PORTHARCOURT-ADA GEORGE,Rivers,,5th avenue egbelu ogbogolo,6150.0000,0.0000,,FDD3,Forward Delivery to Customer,CashOnDelivery,PENDING,RS03 - Reached but Busy / not available,hic sparrows,Jumia Nigeria,2023-01-14 09:42:21,"",rs_NG-3PL-RUMUOLA-FLEET_1673685695518,Christopher Udoudo Sampson,2023-01-06 11:15:58,,2023-01-06 10:19:04,2023-01-06 10:19:04,1917866122,2023-01-04 19:34:11,STANDARD,,,,,,M,false,false,,,,2023-01-12 07:44:42.617,,,
DS-S85-1279496122-2499,NG-3PL-RUMUOLA-FLEET,4,2023-01-14 16:31:40,,1,Precious,Chinda,+2348071716423,No 1 chief wopara street rumuomasi pott harcourt,PORTHARCOURT-RUMUMASI,Rivers,,,4549.0000,0.0000,,FDD3,Forward Delivery to Customer,CashOnDelivery,PENDING,RS03 - Reached but Busy / not available,hic sparrows,Jumia Nigeria,2023-01-14 09:42:09,"",rs_NG-3PL-RUMUOLA-FLEET_1673685695518,Christopher Udoudo Sampson,2023-01-06 13:01:20,,2023-01-05 15:37:12,2023-01-05 15:37:12,1279496122,2023-01-04 22:40:09,STANDARD,,,,,,S,false,false,,,,2023-01-09 17:45:03.916,,,
DS-S85-1652126122-3125,NG-3PL-RUMUOLA-FLEET,4,2023-01-16 10:20:31,,1,Oroma,Emeto,+2348030876157,"Captain Elechi Amadi polytechnic. Along Rumuola Road port- Harcourt, Rivers stated",PORTHARCOURT-RUMUOLA,Rivers,,,8576.6700,0.0000,,FDD3,Forward Delivery to Customer,CashOnDelivery,PENDING,RS02 - Not able to pay,hic sparrows,Jumia Nigeria,2023-01-10 18:52:41,"","",,2023-01-05 15:08:50,,2023-01-05 00:22:51,2023-01-05 00:22:51,1652126122,2023-01-04 15:45:02,STANDARD,,,,,,S,false,false,,,,2023-01-09 17:35:41.511,,,
DS-S85-1692146122-6763,NG-3PL-RUMUOLA-FLEET,4,2023-01-16 10:32:05,,1,Amadi,Chisa,+2347036936141,29 Stadium Road,PORTHARCOURT-AIRFORCE BASE,Rivers,,,7860.0000,0.0000,,FDD3,Forward Delivery to Customer,CashOnDelivery,PENDING,RS03 - Reached but Busy / not available,hic sparrows,Jumia Nigeria,2023-01-10 18:51:44,"","",,2023-01-05 14:41:28,,2023-01-04 18:26:21,2023-01-04 18:26:21,1692146122,2023-01-04 10:48:09,STANDARD,,,,,,M,false,false,,,,2023-01-09 17:32:07.629,,,
JE-S85-1878886122-6486,NG-3PL-RUMUOLA-FLEET,4,2023-01-17 17:26:12,,1,Nwigwe,marvellous,+2349121660427,10 chief dandison ogbogbo close,PORTHARCOURT-NKPOLU,Rivers,"",,10050.0000,0.0000,,FDD3,Forward Delivery to Customer,CashOnDelivery,PENDING,RS03 - Reached but Busy / not available,hic sparrows,Jumia Nigeria,2023-01-10 18:50:32,"","",,,,2023-01-05 13:41:17,2023-01-05 13:41:17,1878886122,2023-01-05 12:16:03,STANDARD,,,,,,S,false,,,,,2023-01-09 15:51:01.582,,,
